	{

		"metadata": {
			"formatVersion" : 3.1,
			"generatedBy"   : "Blender 2.7 Exporter",
			"vertices"      : 40,
			"faces"         : 30,
			"normals"       : 24,
			"colors"        : 0,
			"uvs"           : [],
			"materials"     : 1,
			"morphTargets"  : 0,
			"bones"         : 0
		},

			"scale" : 1.000000,
			
			"vertices" : [1.32612,0.299635,-1.31713,1.32612,0.299634,-4.70018,1.16004,0.299634,-4.70018,1.16004,0.299634,-1.31713,1.32612,0.668212,-1.31713,1.32612,0.668212,-4.70018,1.16004,0.668212,-4.70018,1.16004,0.668212,-1.31713,1.29003,2.13897,-2.97927,1.11303,2.35311,-2.8546,0.974336,2.26986,-2.90852,1.15133,2.05572,-3.03319,1.53431,0.478311,-1.19809,1.35731,0.692447,-1.07342,1.21862,0.609198,-1.12734,1.39562,0.395063,-1.25201,-1.25523,2.06666,-2.84752,-1.25524,2.06666,-4.84752,1.3811,2.06666,-4.84752,1.3811,2.06666,-2.84752,-1.25523,2.34268,-2.84752,-1.25524,2.34268,-4.84752,1.3811,2.34268,-4.84752,1.3811,2.34268,-2.84752,-0.948655,2.13897,-2.92207,-1.12565,2.35311,-2.7974,-1.26434,2.26986,-2.85132,-1.08735,2.05572,-2.97599,-1.21787,0.478311,-1.28185,-1.39487,0.692447,-1.15718,-1.53356,0.609198,-1.2111,-1.35657,0.395063,-1.33577,-1.48497,-0.544968,1.25156,-1.48497,-0.544968,-1.25156,1.48497,-0.544968,-1.25155,1.48497,-0.544968,1.25156,-1.48497,0.544968,1.25156,-1.48497,0.544968,-1.25156,1.48497,0.544968,-1.25155,1.48497,0.544969,1.25156],
			"faces"    : [35,1,0,4,5,0,0,1,2,3,35,5,6,2,1,0,3,4,5,0,35,6,7,3,2,0,4,6,7,5,35,0,3,7,4,0,1,7,6,2,35,0,1,2,3,0,1,0,5,7,35,7,6,5,4,0,6,4,3,2,35,12,13,9,8,0,8,9,10,11,35,13,14,10,9,0,9,12,13,10,35,14,15,11,10,0,12,14,15,13,35,15,12,8,11,0,14,8,11,15,35,8,9,10,11,0,11,10,13,15,35,15,14,13,12,0,14,12,9,8,35,20,21,17,16,0,0,1,2,3,35,21,22,18,17,0,1,7,6,2,35,22,23,19,18,0,7,5,4,6,35,23,20,16,19,0,5,0,3,4,35,16,17,18,19,0,3,2,6,4,35,23,22,21,20,0,5,7,1,0,35,28,29,25,24,0,16,17,18,19,35,29,30,26,25,0,17,20,21,18,35,30,31,27,26,0,20,22,23,21,35,31,28,24,27,0,22,16,19,23,35,24,25,26,27,0,19,18,21,23,35,31,30,29,28,0,22,20,17,16,35,36,37,33,32,0,0,1,2,3,35,37,38,34,33,0,1,7,6,2,35,38,39,35,34,0,7,5,4,6,35,39,36,32,35,0,5,0,3,4,35,32,33,34,35,0,3,2,6,4,35,39,38,37,36,0,5,7,1,0],
			"uvs"      : [],
			"normals"  : [-0.577349,0.577349,0.577349,-0.577349,0.577349,-0.577349,-0.577349,-0.577349,-0.577349,-0.577349,-0.577349,0.577349,0.577349,-0.577349,0.577349,0.577349,0.577349,0.577349,0.577349,-0.577349,-0.577349,0.577349,0.577349,-0.577349,-0.821833,0.449202,-0.350383,-0.170782,-0.304666,-0.93701,-0.100192,-0.994842,-0.013581,-0.789819,-0.26661,0.552324,0.789819,0.26661,-0.552324,0.821833,-0.449202,0.350383,0.100192,0.994842,0.013581,0.170782,0.304666,0.93701,-0.765923,0.505814,-0.396863,-0.08591,-0.27897,-0.95642,-0.17188,-0.984375,-0.037416,-0.849025,-0.233863,0.473739,0.849025,0.233863,-0.473739,0.765923,-0.505814,0.396863,0.17188,0.984375,0.037416,0.08591,0.27897,0.95642],
			
			"skinIndices"  : [],
			"skinWeights"  : [],
			"morphTargets" : [],
			
			"bones"      : [],
			"animations" : [],
			
			"colors"    : [],
			"materials" : [
				{
					"DbgColor": 15658734,
					"DbgIndex": 0,
					"DbgName": "Material.002",
					"blending": "NormalBlending",
					"colorAmbient": [0.066837377846241, 0.06776251643896103, 0.10653471201658249],
					"colorDiffuse": [0.066837377846241, 0.06776251643896103, 0.10653471201658249],
					"colorEmissive": [0.0, 0.0, 0.0],
					"colorSpecular": [0.0, 0.0, 0.0],
					"depthTest": true,
					"depthWrite": true,
					"shading": "Lambert",
					"specularCoef": 50,
					"transparency": 1.0,
					"transparent": false,
					"vertexColors": false
				}
			]


	}
