	{

		"metadata": {
			"formatVersion" : 3.1,
			"generatedBy"   : "Blender 2.7 Exporter",
			"vertices"      : 58,
			"faces"         : 48,
			"normals"       : 42,
			"colors"        : 0,
			"uvs"           : [],
			"materials"     : 1,
			"morphTargets"  : 0,
			"bones"         : 0
		},

			"scale" : 1.000000,
			
			"vertices" : [1.4904,-0.524991,-1.23236,1.4904,-0.524991,-4.61541,1.32432,-0.524991,-4.61541,1.32432,-0.524991,-1.23236,1.4904,0.637627,-1.23236,1.4904,0.637627,-4.61541,1.32432,0.637627,-4.61541,1.32432,0.637627,-1.23236,1.29003,2.13897,-2.97927,1.11303,2.35311,-2.8546,0.974336,2.26986,-2.90852,1.15133,2.05572,-3.03319,1.53431,0.478311,-1.19809,1.35731,0.692447,-1.07342,1.21862,0.609198,-1.12734,1.39562,0.395063,-1.25201,-1.25523,2.06666,-2.84752,-1.25524,2.06666,-4.84752,1.3811,2.06666,-4.84752,1.3811,2.06666,-2.84752,-1.25524,2.34268,-2.84752,-1.25524,2.34268,-4.84752,1.3811,2.34268,-4.84752,1.3811,2.34268,-2.84752,-2.90837,2.08234,-2.74823,-3.08537,2.29647,-2.62356,-3.22406,2.21323,-2.67748,-3.04706,1.99909,-2.80215,-2.74357,0.433341,-1.0534,-2.92057,0.647477,-0.928736,-3.05926,0.564228,-0.982651,-2.88226,0.350092,-1.10732,-3.0443,-0.544968,1.25156,-3.0443,-0.544968,-1.25156,1.46469,-0.544968,-1.25156,1.46469,-0.544968,1.25156,-3.0443,0.544968,1.25156,-3.0443,0.544968,-1.25156,1.46469,0.544968,-1.25156,1.46469,0.544968,1.25156,-3.0443,5.47072e-08,1.25156,-3.0443,0.544968,-1.05497,-3.0443,-5.47072e-08,-1.25156,-3.0443,-0.544968,-1.05497,-0.789801,0.544968,-1.25156,1.46469,-5.47072e-08,-1.25156,-0.789801,-0.544968,-1.25156,1.46469,0.544968,-1.05497,1.46469,5.47072e-08,1.25156,1.46469,-0.544968,-1.05497,-0.789801,0.544968,1.25156,-0.789801,-0.544968,1.25156,-3.0443,-4.6114e-08,-1.05497,-0.789801,-5.47072e-08,-1.25156,1.46469,-4.6114e-08,-1.05497,-0.789801,5.47072e-08,1.25156,-0.789801,-0.544968,-1.05497,-0.789801,0.544968,-1.05497],
			"faces"    : [35,1,0,4,5,0,0,1,2,3,35,5,6,2,1,0,3,4,5,0,35,6,7,3,2,0,4,6,7,5,35,0,3,7,4,0,1,7,6,2,35,0,1,2,3,0,1,0,5,7,35,7,6,5,4,0,6,4,3,2,35,9,8,12,13,1,8,9,10,11,35,13,14,10,9,1,11,12,13,8,35,14,15,11,10,1,12,14,15,13,35,8,11,15,12,1,9,15,14,10,35,8,9,10,11,1,9,8,13,15,35,15,14,13,12,1,14,12,11,10,35,20,21,17,16,1,0,1,2,3,35,21,22,18,17,1,1,7,6,2,35,22,23,19,18,1,7,5,4,6,35,23,20,16,19,1,5,0,3,4,35,16,17,18,19,1,3,2,6,4,35,23,22,21,20,1,5,7,1,0,35,25,24,28,29,2,16,17,18,19,35,29,30,26,25,2,19,20,21,16,35,30,31,27,26,2,20,22,23,21,35,24,27,31,28,2,17,23,22,18,35,24,25,26,27,2,17,16,21,23,35,31,30,29,28,2,22,20,19,18,35,52,42,33,43,3,24,25,2,26,35,53,45,34,46,3,27,28,6,29,35,54,48,35,49,3,30,31,4,32,35,32,51,55,40,3,3,33,34,35,35,56,46,34,49,3,36,29,6,32,35,57,44,37,41,3,37,38,1,39,35,43,32,40,52,3,26,3,35,24,35,36,41,52,40,3,0,39,24,35,35,41,37,42,52,3,39,1,25,24,35,42,53,46,33,3,25,27,29,2,35,37,44,53,42,3,1,38,27,25,35,44,38,45,53,3,38,7,28,27,35,45,54,49,34,3,28,30,32,6,35,38,47,54,45,3,7,40,30,28,35,47,39,48,54,3,40,5,31,30,35,48,55,51,35,3,31,34,33,4,35,39,50,55,48,3,5,41,34,31,35,50,36,40,55,3,41,0,35,34,35,51,56,49,35,3,33,36,32,4,35,32,43,56,51,3,3,26,36,33,35,43,33,46,56,3,26,2,29,36,35,50,57,41,36,3,41,37,39,0,35,39,47,57,50,3,5,40,37,41,35,47,38,44,57,3,40,7,38,37],
			"uvs"      : [],
			"normals"  : [-0.577349,0.577349,0.577349,-0.577349,0.577349,-0.577349,-0.577349,-0.577349,-0.577349,-0.577349,-0.577349,0.577349,0.577349,-0.577349,0.577349,0.577349,0.577349,0.577349,0.577349,-0.577349,-0.577349,0.577349,0.577349,-0.577349,-0.100192,-0.994842,-0.013581,-0.789819,-0.26661,0.552324,-0.821833,0.449202,-0.350383,-0.170782,-0.304666,-0.93701,0.789819,0.26661,-0.552324,0.821833,-0.449202,0.350383,0.100192,0.994842,0.013581,0.170782,0.304666,0.93701,-0.110355,-0.993622,-0.022919,-0.799493,-0.26722,0.537919,-0.814508,0.460738,-0.352519,-0.159246,-0.293069,-0.942717,0.799493,0.26722,-0.537919,0.814508,-0.460738,0.352519,0.110355,0.993622,0.022919,0.159246,0.293069,0.942717,-1,0,0,-0.707083,0,-0.707083,-0.707083,-0.707083,0,0,0,-1,0.707083,0,-0.707083,0,-0.707083,-0.707083,1,0,0,0.707083,0,0.707083,0.707083,-0.707083,0,0,-0.707083,0.707083,0,0,1,-0.707083,0,0.707083,0,-1,0,0,1,0,0,0.707083,-0.707083,-0.707083,0.707083,0,0.707083,0.707083,0,0,0.707083,0.707083],
			
			"skinIndices"  : [],
			"skinWeights"  : [],
			"morphTargets" : [],
			
			"bones"      : [],
			"animations" : [],
			
			"colors"    : [],
			"materials" : [
				{
					"DbgColor": 15658734,
					"DbgIndex": 0,
					"DbgName": "default",
					"vertexColors": false
				},
				{
					"DbgColor": 15658734,
					"DbgIndex": 0,
					"DbgName": "default",
					"vertexColors": false
				},
				{
					"DbgColor": 15597568,
					"DbgIndex": 1,
					"DbgName": "Material.003",
					"blending": "NormalBlending",
					"colorAmbient": [0.12594696471016054, 0.12594696471016054, 0.12594696471016054],
					"colorDiffuse": [0.12594696471016054, 0.12594696471016054, 0.12594696471016054],
					"colorEmissive": [0.0, 0.0, 0.0],
					"colorSpecular": [0.0, 0.0, 0.0],
					"depthTest": true,
					"depthWrite": true,
					"shading": "Lambert",
					"specularCoef": 50,
					"transparency": 1.0,
					"transparent": false,
					"vertexColors": false
				},
				{
					"DbgColor": 15597568,
					"DbgIndex": 1,
					"DbgName": "Material.002",
					"blending": "NormalBlending",
					"colorAmbient": [0.640000066757203, 0.0, 0.01014951035603151],
					"colorDiffuse": [0.640000066757203, 0.0, 0.01014951035603151],
					"colorEmissive": [0.0, 0.0, 0.0],
					"colorSpecular": [0.0, 0.0, 0.0],
					"depthTest": true,
					"depthWrite": true,
					"shading": "Lambert",
					"specularCoef": 50,
					"transparency": 1.0,
					"transparent": false,
					"vertexColors": false
				}
			]


	}
