	{

		"metadata": {
			"formatVersion" : 3.1,
			"generatedBy"   : "Blender 2.7 Exporter",
			"vertices"      : 9,
			"faces"         : 14,
			"normals"       : 9,
			"colors"        : 0,
			"uvs"           : [],
			"materials"     : 1,
			"morphTargets"  : 0,
			"bones"         : 0
		},

			"scale" : 1.000000,
			
			"vertices" : [-0.264754,-1,-0.256846,0.264754,-1,-0.256846,-0.244269,0.289159,0.227004,-0.239856,0.415816,-0.307437,-0.264754,-1,0.256846,0.341653,0.78731,-0.593714,0.308619,0.619176,0.0942323,0.264754,-1,0.256846,0.264754,1.07982e-07,-0.256846],
			"faces"    : [34,3,0,4,0,0,1,2,34,2,4,7,0,3,2,4,34,3,1,0,0,0,5,1,34,8,7,1,0,6,4,5,34,4,0,7,0,2,1,4,34,5,3,2,0,7,0,3,34,3,8,1,0,0,6,5,34,8,6,7,0,6,8,4,34,0,1,7,0,1,5,4,34,2,3,4,0,3,0,2,34,3,5,8,0,0,7,6,34,5,6,8,0,7,8,6,34,6,2,7,0,8,3,4,34,6,5,2,0,8,7,3],
			"uvs"      : [],
			"normals"  : [-0.756615,0.408551,-0.510483,-0.584826,-0.581835,-0.565142,-0.5815,-0.56679,0.583575,-0.61916,0.378277,0.688101,0.577197,-0.567217,0.58739,0.58037,-0.583819,-0.567705,0.731376,-0.106632,-0.673544,0.354686,0.638905,-0.682607,0.488479,0.674642,0.553362],
			
			"skinIndices"  : [],
			"skinWeights"  : [],
			"morphTargets" : [],
			
			"bones"      : [],
			"animations" : [],
			
			"colors"    : [],
			"materials" : [
				{
					"DbgColor": 15658734,
					"DbgIndex": 0,
					"DbgName": "Material.001",
					"blending": "NormalBlending",
					"colorAmbient": [0.28232770386826544, 0.640000066757203, 0.0],
					"colorDiffuse": [0.28232770386826544, 0.640000066757203, 0.0],
					"colorEmissive": [0.0, 0.0, 0.0],
					"colorSpecular": [0.0, 0.0, 0.0],
					"depthTest": true,
					"depthWrite": true,
					"shading": "Lambert",
					"specularCoef": 50,
					"transparency": 1.0,
					"transparent": false,
					"vertexColors": false
				}
			]


	}
