	{

		"metadata": {
			"formatVersion" : 3.1,
			"generatedBy"   : "Blender 2.7 Exporter",
			"vertices"      : 128,
			"faces"         : 116,
			"normals"       : 20,
			"colors"        : 0,
			"uvs"           : [],
			"materials"     : 2,
			"morphTargets"  : 0,
			"bones"         : 0
		},

			"scale" : 1.000000,
			
			"vertices" : [1.85361,0.665107,2.14227,2.3757,0.665107,2.14227,1.85361,-0.200918,2.64227,2.3757,-0.200918,2.64227,1.85361,-0.200918,3.64227,2.3757,-0.200918,3.64227,1.85361,0.665107,4.14227,2.3757,0.665107,4.14227,1.85361,1.53113,3.64227,2.3757,1.53113,3.64227,1.85361,1.53113,2.64227,2.3757,1.53113,2.64227,1.90146,0.665107,-1.83909,2.42355,0.665107,-1.83909,1.90146,-0.200919,-1.33909,2.42355,-0.200918,-1.33909,1.90146,-0.200918,-0.339089,2.42355,-0.200918,-0.339089,1.90146,0.665107,0.160911,2.42355,0.665107,0.160911,1.90146,1.53113,-0.339089,2.42355,1.53113,-0.339089,1.90146,1.53113,-1.33909,2.42355,1.53113,-1.33909,-2.44501,0.665107,-1.83909,-1.92292,0.665107,-1.83909,-2.44501,-0.200918,-1.33909,-1.92292,-0.200918,-1.33909,-2.44501,-0.200918,-0.33909,-1.92292,-0.200918,-0.33909,-2.44501,0.665107,0.16091,-1.92292,0.665107,0.16091,-2.44501,1.53113,-0.33909,-1.92292,1.53113,-0.33909,-2.44501,1.53113,-1.33909,-1.92292,1.53113,-1.33909,-2.44501,0.665107,2.14227,-1.92292,0.665107,2.14227,-2.44501,-0.200918,2.64227,-1.92292,-0.200918,2.64227,-2.44501,-0.200918,3.64227,-1.92292,-0.200918,3.64227,-2.44501,0.665107,4.14227,-1.92292,0.665107,4.14227,-2.44501,1.53113,3.64227,-1.92292,1.53113,3.64227,-2.44501,1.53113,2.64227,-1.92292,1.53113,2.64227,-1.82506,1.62732,-0.584615,-1.82506,1.62732,-0.80318,1.82506,1.62732,-0.80318,1.82506,1.62732,-0.584615,-1.82506,2.39613,-0.584615,-1.82506,2.39613,-0.80318,1.82506,2.39613,-0.80318,1.82506,2.39613,-0.584615,-1.94219,0.675135,4.51407,-1.94219,0.675135,4.28139,1.87868,0.675135,4.28139,1.87868,0.675135,4.51407,-1.94219,4.05994,4.51407,-1.94219,4.05994,4.28139,1.87868,4.05994,4.28139,1.87868,4.05994,4.51407,1.52137,2.33251,2.15782,1.52137,2.33251,1.85437,1.82482,2.33251,1.85437,1.82482,2.33251,2.15782,1.52137,3.9813,2.15782,1.52137,3.9813,1.85437,1.82482,3.9813,1.85437,1.82482,3.9813,2.15782,-1.93011,2.33251,2.15782,-1.93011,2.33251,1.85437,-1.62666,2.33251,1.85437,-1.62666,2.33251,2.15782,-1.93011,3.9813,2.15782,-1.93011,3.9813,1.85437,-1.62666,3.9813,1.85437,-1.62666,3.9813,2.15782,-1.93824,3.85406,4.50684,-1.93824,3.85406,-0.76098,1.83511,3.85406,-0.76098,1.83511,3.85406,4.50684,-1.93824,4.04751,4.50684,-1.93824,4.04751,-0.76098,1.83511,4.0475,-0.76098,1.83511,4.04751,4.50684,1.51711,2.33251,-0.443698,1.51711,2.33251,-0.747147,1.82056,2.33251,-0.747147,1.82056,2.33251,-0.443698,1.51711,3.9813,-0.443698,1.51711,3.9813,-0.747147,1.82055,3.9813,-0.747147,1.82055,3.9813,-0.443698,-1.93011,2.33251,-0.443698,-1.93011,2.33251,-0.747148,-1.62666,2.33251,-0.747147,-1.62666,2.33251,-0.443698,-1.93011,3.9813,-0.443699,-1.93011,3.9813,-0.747148,-1.62666,3.9813,-0.747148,-1.62666,3.9813,-0.443699,-1.99509,0.622327,-0.822072,-1.99509,0.622327,4.31452,-1.54941,0.622327,4.31452,-1.54941,0.622327,-0.822072,-1.99509,2.41263,-0.822072,-1.99509,2.41263,4.31452,-1.54941,2.41263,4.31452,-1.54941,2.41263,-0.822072,1.4512,0.622327,-0.822071,1.4512,0.622327,4.31452,1.89688,0.622327,4.31452,1.89688,0.622327,-0.822071,1.4512,2.41263,-0.822071,1.4512,2.41263,4.31452,1.89688,2.41263,4.31452,1.89688,2.41263,-0.822071,1.90304,0.620511,-4.18043,1.90304,0.620511,-0.787009,-1.90304,0.620511,-0.78701,-1.90303,0.620511,-4.18043,1.90304,1.62369,-4.18043,1.90303,1.62369,-0.787009,-1.90304,1.62369,-0.787011,-1.90303,1.62369,-4.18043],
			"faces"    : [35,0,1,3,2,0,0,1,2,3,35,2,3,5,4,0,3,2,4,5,35,4,5,7,6,0,5,4,6,7,35,6,7,9,8,0,7,6,8,9,34,3,7,5,0,2,6,4,34,11,9,7,0,10,8,6,34,3,1,11,0,2,1,10,34,3,11,7,0,2,10,6,35,1,0,10,11,0,1,0,11,10,35,8,9,11,10,0,9,8,10,11,34,0,8,10,0,0,9,11,34,4,6,8,0,5,7,9,34,0,2,4,0,0,3,5,34,0,4,8,0,0,5,9,35,12,13,15,14,0,0,1,2,3,35,14,15,17,16,0,3,2,4,5,35,16,17,19,18,0,5,4,6,7,35,18,19,21,20,0,7,6,8,9,34,15,19,17,0,2,6,4,34,23,21,19,0,10,8,6,34,15,13,23,0,2,1,10,34,15,23,19,0,2,10,6,35,22,23,13,12,0,11,10,1,0,35,20,21,23,22,0,9,8,10,11,34,12,20,22,0,0,9,11,34,16,18,20,0,5,7,9,34,12,14,16,0,0,3,5,34,12,16,20,0,0,5,9,35,24,25,27,26,0,0,1,2,3,35,26,27,29,28,0,3,2,4,5,35,28,29,31,30,0,5,4,6,7,35,30,31,33,32,0,7,6,8,9,34,27,31,29,0,2,6,4,34,35,33,31,0,10,8,6,34,27,25,35,0,2,1,10,34,27,35,31,0,2,10,6,35,34,35,25,24,0,11,10,1,0,35,32,33,35,34,0,9,8,10,11,34,24,32,34,0,0,9,11,34,28,30,32,0,5,7,9,34,24,26,28,0,0,3,5,34,24,28,32,0,0,5,9,35,36,37,39,38,0,0,1,2,3,35,38,39,41,40,0,3,2,4,5,35,40,41,43,42,0,5,4,6,7,35,42,43,45,44,0,7,6,8,9,34,39,43,41,0,2,6,4,34,47,45,43,0,10,8,6,34,39,37,47,0,2,1,10,34,39,47,43,0,2,10,6,35,46,47,37,36,0,11,10,1,0,35,44,45,47,46,0,9,8,10,11,34,36,44,46,0,0,9,11,34,40,42,44,0,5,7,9,34,36,38,40,0,0,3,5,34,36,40,44,0,0,5,9,35,52,53,49,48,1,12,13,14,15,35,53,54,50,49,1,13,16,17,14,35,54,55,51,50,1,16,18,19,17,35,55,52,48,51,1,18,12,15,19,35,48,49,50,51,1,15,14,17,19,35,55,54,53,52,1,18,16,13,12,35,60,61,57,56,1,12,13,14,15,35,61,62,58,57,1,13,16,17,14,35,62,63,59,58,1,16,18,19,17,35,63,60,56,59,1,18,12,15,19,35,56,57,58,59,1,15,14,17,19,35,63,62,61,60,1,18,16,13,12,35,68,69,65,64,1,12,13,14,15,35,69,70,66,65,1,13,16,17,14,35,70,71,67,66,1,16,18,19,17,35,71,68,64,67,1,18,12,15,19,35,64,65,66,67,1,15,14,17,19,35,71,70,69,68,1,18,16,13,12,35,76,77,73,72,1,12,13,14,15,35,77,78,74,73,1,13,16,17,14,35,78,79,75,74,1,16,18,19,17,35,79,76,72,75,1,18,12,15,19,35,72,73,74,75,1,15,14,17,19,35,79,78,77,76,1,18,16,13,12,35,84,85,81,80,1,12,13,14,15,35,85,86,82,81,1,13,16,17,14,35,86,87,83,82,1,16,18,19,17,35,87,84,80,83,1,18,12,15,19,35,80,81,82,83,1,15,14,17,19,35,87,86,85,84,1,18,16,13,12,35,92,93,89,88,1,12,13,14,15,35,93,94,90,89,1,13,16,17,14,35,94,95,91,90,1,16,18,19,17,35,95,92,88,91,1,18,12,15,19,35,88,89,90,91,1,15,14,17,19,35,95,94,93,92,1,18,16,13,12,35,100,101,97,96,1,12,13,14,15,35,101,102,98,97,1,13,16,17,14,35,102,103,99,98,1,16,18,19,17,35,103,100,96,99,1,18,12,15,19,35,96,97,98,99,1,15,14,17,19,35,103,102,101,100,1,18,16,13,12,35,108,109,105,104,1,19,17,16,18,35,109,110,106,105,1,17,14,13,16,35,110,111,107,106,1,14,15,12,13,35,111,108,104,107,1,15,19,18,12,35,104,105,106,107,1,18,16,13,12,35,111,110,109,108,1,15,14,17,19,35,116,117,113,112,1,19,17,16,18,35,117,118,114,113,1,17,14,13,16,35,118,119,115,114,1,14,15,12,13,35,119,116,112,115,1,15,19,18,12,35,112,113,114,115,1,18,16,13,12,35,119,118,117,116,1,15,14,17,19,35,120,121,122,123,1,17,19,15,14,35,124,127,126,125,1,16,13,12,18,35,120,124,125,121,1,17,16,18,19,35,121,125,126,122,1,19,18,12,15,35,122,126,127,123,1,15,12,13,14,35,124,120,123,127,1,16,17,14,13],
			"uvs"      : [],
			"normals"  : [-0.609973,0,-0.792383,0.609973,0,-0.792383,0.609973,-0.686239,-0.396191,-0.609973,-0.686239,-0.396191,0.609973,-0.686239,0.396191,-0.609973,-0.686239,0.396191,0.609973,0,0.792383,-0.609973,0,0.792383,0.609973,0.686239,0.396191,-0.609973,0.686239,0.396191,0.609973,0.686239,-0.396191,-0.609973,0.686239,-0.396191,-0.577349,0.577349,0.577349,-0.577349,0.577349,-0.577349,-0.577349,-0.577349,-0.577349,-0.577349,-0.577349,0.577349,0.577349,0.577349,-0.577349,0.577349,-0.577349,-0.577349,0.577349,0.577349,0.577349,0.577349,-0.577349,0.577349],
			
			"skinIndices"  : [],
			"skinWeights"  : [],
			"morphTargets" : [],
			
			"bones"      : [],
			"animations" : [],
			
			"colors"    : [],
			"materials" : [
				{
					"DbgColor": 15658734,
					"DbgIndex": 0,
					"DbgName": "Material.002",
					"blending": "NormalBlending",
					"colorAmbient": [0.01884862408041954, 0.01884862408041954, 0.01884862408041954],
					"colorDiffuse": [0.01884862408041954, 0.01884862408041954, 0.01884862408041954],
					"colorEmissive": [0.0, 0.0, 0.0],
					"colorSpecular": [0.0, 0.0, 0.0],
					"depthTest": true,
					"depthWrite": true,
					"shading": "Lambert",
					"specularCoef": 50,
					"transparency": 1.0,
					"transparent": false,