	{

		"metadata": {
			"formatVersion" : 3.1,
			"generatedBy"   : "Blender 2.7 Exporter",
			"vertices"      : 26,
			"faces"         : 38,
			"normals"       : 26,
			"colors"        : 2,
			"uvs"           : [],
			"materials"     : 2,
			"morphTargets"  : 0,
			"bones"         : 0
		},

			"scale" : 1.000000,
			
			"vertices" : [-0.00497051,1.9604,-1.22587,0.267476,3.11281,1.3987,-0.802487,3.17599,-1.09494,-0.244773,4.1373,0.177837,0.846127,1.71731,0.61474,-0.088791,1.7486,1.10156,-1.16812,1.75768,1.91235e-09,0.134563,1.30189,-0.414137,1.4228,2.30683,-0.172607,-1.22247,3.1701,0.715682,-1.43415,2.6064,-1.36807e-08,0.443178,2.75364,-1.36396,1.16812,3.60236,-2.14914e-07,0.323185,3.64272,-0.994679,0,-2.61989,-0.39659,-5.96529e-09,2.61989,-0.124708,0.379284,-2.61989,-0.198295,0.119266,2.61989,-0.0623543,0.379284,-2.61989,0.198295,0.119266,2.61989,0.0623541,-3.82877e-08,-2.61989,0.396591,-1.80049e-08,2.61989,0.124708,-0.379284,-2.61989,0.198295,-0.119266,2.61989,0.062354,-0.379284,-2.61989,-0.198295,-0.119266,2.61989,-0.0623543],
			"faces"    : [162,7,4,5,1,0,1,2,0,0,0,162,7,5,6,1,0,2,3,0,0,0,162,0,6,2,1,4,3,5,0,0,0,162,8,0,11,1,6,4,7,0,0,0,162,4,8,1,1,1,6,8,0,0,0,162,5,1,9,1,2,8,9,0,0,0,162,0,2,11,1,4,5,7,0,0,0,162,1,12,3,1,8,10,11,0,0,0,162,9,1,3,1,9,8,11,0,0,0,162,2,9,3,1,5,9,11,0,0,0,162,8,4,7,1,6,1,0,0,0,0,162,7,6,0,1,0,3,4,0,0,0,162,7,0,8,1,0,4,6,0,0,0,162,5,4,1,1,2,1,8,0,0,0,162,10,6,9,1,12,3,9,0,0,0,162,6,5,9,1,3,2,9,0,0,0,162,2,6,10,1,5,3,12,0,0,0,162,1,8,12,1,8,6,10,0,0,0,162,10,9,2,1,12,9,5,0,0,0,162,11,2,13,1,7,5,13,0,0,0,162,8,11,12,1,6,7,10,0,0,0,162,11,13,12,1,7,13,10,0,0,0,162,13,2,3,1,13,5,11,0,0,0,162,12,13,3,1,10,13,11,0,0,0,163,14,15,17,16,0,14,15,16,17,0,0,0,0,163,16,17,19,18,0,17,16,18,19,0,0,0,0,163,18,19,21,20,0,19,18,20,21,0,0,0,0,163,20,21,23,22,0,21,20,22,23,0,0,0,0,162,17,21,19,0,16,20,18,0,0,0,162,25,23,21,0,24,22,20,0,0,0,162,17,15,25,0,16,15,24,0,0,0,162,17,25,21,0,16,24,20,0,0,0,163,24,25,15,14,0,25,24,15,14,0,0,0,0,163,22,23,25,24,0,23,22,24,25,0,0,0,0,162,14,22,24,0,14,23,25,0,0,0,162,18,20,22,0,19,21,23,0,0,0,162,14,16,18,0,14,17,19,0,0,0,162,14,18,22,0,14,19,23,0,0,0],
			"uvs"      : [],
			"normals"  : [0.106296,-0.955138,-0.276406,0.631672,-0.623371,0.460799,-0.126713,-0.623951,0.771081,-0.756981,-0.65331,-0.012482,-0.040712,-0.528672,-0.847804,-0.612903,0.323496,-0.720878,0.964995,-0.23661,-0.11298,0.38023,0.027161,-0.924467,0.219581,0.287057,0.932401,-0.790277,0.33726,0.511551,0.804559,0.591601,0.051729,-0.188665,0.973998,0.12537,-0.995788,-0.001984,-0.091342,0.238166,0.699515,-0.673696,0,-0.596606,-0.802515,0,0.635578,-0.771996,0.665242,0.627888,-0.403943,0.693594,-0.585955,-0.418958,0.665242,0.627888,0.403943,0.693594,-0.585955,0.418958,0,0.635578,0.771996,0,-0.596606,0.802515,-0.665242,0.627888,0.403943,-0.693594,-0.585955,0.418958,-0.665242,0.627888,-0.403943,-0.693594,-0.585955,-0.418958],
			
			"skinIndices"  : [],
			"skinWeights"  : [],
			"morphTargets" : [],
			
			"bones"      : [],
			"animations" : [],
			
			"colors"    : [16777215,0],
			"materials" : [
				{
					"DbgColor": 15658734,
					"DbgIndex": 0,
					"DbgName": "Material.002",
					"blending": "NormalBlending",
					"colorAmbient": [0.640000066757203, 0.08941486611090399, 0.0],
					"colorDiffuse": [0.640000066757203, 0.08941486611090399, 0.0],
					"colorEmissive": [0.0, 0.0, 0.0],
					"colorSpecular": [0.5, 0.5, 0.5],
					"depthTest": true,
					"depthWrite": true,
					"shading": "Lambert",
					"specularCoef": 50,
					"transparency": 1.0,
					"transparent": false,
					"vertexColors": false
				},
				{
					"DbgColor": 15597568,
					"DbgIndex": 1,
					"DbgName": "Material.001",
					"blending": "NormalBlending",
					"colorAmbient": [0.012607450971118372, 0.640000066757203, 0.0],
					"colorDiffuse": [0.012607450971118372, 0.640000066757203, 0.0],
					"colorEmissive": [0.0, 0.0, 0.0],
					"colorSpecular": [0.5, 0.5, 0.5],
					"depthTest": true,
					"depthWrite": true,
					"shading": "Lambert",
					"specularCoef": 50,
					"transparency": 1.0,
					"transparent": false,
					"vertexColors": false
				}
			]


	}
